Unnamed: 0,Text,Aspect,Explanations,Cleaned_Text,Cleaned_Explanations
16,"My stomach bulges out too much, my face is fat, my acne is ugly, I need to shave, my teeth are yellow, my butt‚Äö√Ñ√¥s too small, etc",1,"face is fat, acne is ugly, teeth are yellow",my stomach bulges out too much my face is fat my acne is ugly i need to shave my teeth are yellow my butt‚äö√ñ√¥s too small etc,face is fat acne is ugly teeth are yellow
35,I have extreme fatigue,1,extreme fatigue,i have extreme fatigue,extreme fatigue
41,I don't have healthcare through work and I can't afford healthcare out of pocket,1,don't have healthcare through work and I can't afford healthcare out of pocket,i dont have healthcare through work and i cant afford healthcare out of pocket,dont have healthcare through work and i cant afford healthcare out of pocket
42,"My recruiter told me it should be okay (I haven‚Äö√Ñ√¥t been officially diagnosed), but if I go on meds I won‚Äö√Ñ√¥t have a chance",1,but if I go on meds I won‚Äö√Ñ√¥t have a chance,my recruiter told me it should be okay i haven‚äö√ñ√¥t been officially diagnosed but if i go on meds i won‚äö√ñ√¥t have a chance,but if i go on meds i won‚äö√ñ√¥t have a chance
43,"It‚Äö√Ñ√¥s usually a skill that people are just born with or learn at an early age, but I didn‚Äö√Ñ√¥t thanks to all the stupid things wrong with me",1,usually a skill that people are just born with or learn at an early age,it‚äö√ñ√¥s usually a skill that people are just born with or learn at an early age but i didn‚äö√ñ√¥t thanks to all the stupid things wrong with me,usually a skill that people are just born with or learn at an early age
73,"i drank too much again and felt suicidal, ended up going to the hospital and passing out in the hospital toilet while waiting for a doctor",1,waiting for doctor,i drank too much again and felt suicidal ended up going to the hospital and passing out in the hospital toilet while waiting for a doctor,waiting for doctor
93,We tried celexa again- didn't work,1,tried celexa,we tried celexa again didnt work,tried celexa
131,I had been on Zoloft 50mg and even got down to 25 mg for anxiety and depression,1,25 mg for anxiety and depression,i had been on zoloft 50mg and even got down to 25 mg for anxiety and depression,25 mg for anxiety and depression
135,"Hi, I've been feeling incredibly tired and lethargic lately",1,incredibly tired and lethargic lately,hi ive been feeling incredibly tired and lethargic lately,incredibly tired and lethargic lately
146,I sit here blood on my legs out of the cuts that i madea My shell is breaking I cant do anythind nobody can knwo idon tknow what to do anyt more,1,"blood on my legs, out of the cuts",i sit here blood on my legs out of the cuts that i madea my shell is breaking i cant do anythind nobody can knwo idon tknow what to do anyt more,blood on my legs out of the cuts
148,I stayed in the psychiatric unit of a hospital for a week,1,psychiatric unit of a hospital,i stayed in the psychiatric unit of a hospital for a week,psychiatric unit of a hospital
156,"This year was a shit, the finances in my house were rockbottom, the health problems get bigger by the time and the success is not even around us, but I'm by my own, right? Just had a motorcycle accident the day before yesterday and it was definitely a mistake",1,"health problems get bigger, motorcycle accident",this year was a shit the finances in my house were rockbottom the health problems get bigger by the time and the success is not even around us but im by my own right just had a motorcycle accident the day before yesterday and it was definitely a mistake,health problems get bigger motorcycle accident
163,I've been dealing with a depressive episode (biopolar) for a while,1,dealing with a depressive episode (biopolar),ive been dealing with a depressive episode biopolar for a while,dealing with a depressive episode biopolar
165,"I'm on my 4th antidepressant (zoloft, wellbutrin, lexapro, effexor) now with no success",1,"antidepressant (zoloft, wellbutrin, lexapro, effexor)",im on my 4th antidepressant zoloft wellbutrin lexapro effexor now with no success,antidepressant zoloft wellbutrin lexapro effexor
166,They smoke weed and have also told me about times when they've done cocaine,1,"smoke weed, cocaine",they smoke weed and have also told me about times when theyve done cocaine,smoke weed cocaine
173,I of course didn't bring this up to my doctor and I am now wondering is it possible that the drugs used to self medicate might be causing alternative effects with the antidepressants? The effexor seems to be a better fit for me as I didn't have many side effects but I still had a similar episode I had before,1,self medicate,i of course didnt bring this up to my doctor and i am now wondering is it possible that the drugs used to self medicate might be causing alternative effects with the antidepressants the effexor seems to be a better fit for me as i didnt have many side effects but i still had a similar episode i had before,self medicate
190,"I read about others but I didn‚Äö√Ñ√¥t truly understand how intense they are, my mindset is going back to what is was, I slept 2 hours maximum a night, I have constant brain zaps, sweats",1,"slept 2 hours maximum a night, brain zaps",i read about others but i didn‚äö√ñ√¥t truly understand how intense they are my mindset is going back to what is was i slept 2 hours maximum a night i have constant brain zaps sweats,slept 2 hours maximum a night brain zaps
194,"Let me start by saying I'm not an addict, but it was my first time trying opiates",1,trying opiates,let me start by saying im not an addict but it was my first time trying opiates,trying opiates
200,I have several autoimmune disorders (lupus is the main) and have a hard time keeping on weight,1,"have several autoimmune disorders, lupus is the main",i have several autoimmune disorders lupus is the main and have a hard time keeping on weight,have several autoimmune disorders lupus is the main
223,"I think child birth triggered something because this all started with the intense sadness after having my first son (I‚Äö√Ñ√¥m assuming it was Postpartum Depression, but I never reached out",1,Postpartum Depression,i think child birth triggered something because this all started with the intense sadness after having my first son i‚äö√ñ√¥m assuming it was postpartum depression but i never reached out,postpartum depression
237,"I cut my wrists, arms, veins on joints both vertically and horizontally",1,"cut my wrists, arms",i cut my wrists arms veins on joints both vertically and horizontally,cut my wrists arms
251,"It's been a long couple years and I've really tried, 4 therapists, so many medications, daily exercise, diet changes",1,"4 therapists, so many medications, daily exercise, diet changes",its been a long couple years and ive really tried 4 therapists so many medications daily exercise diet changes,4 therapists so many medications daily exercise diet changes
257,"It's so frustrating because I really do consider myself an ambitious and goal-oriented person, but the smallest things (even taking a shower or brushing my teeth) feel physically and mentally impossible at the moment",1,physically and mentally impossible at the moment,its so frustrating because i really do consider myself an ambitious and goaloriented person but the smallest things even taking a shower or brushing my teeth feel physically and mentally impossible at the moment,physically and mentally impossible at the moment
264,"5 Effexor 2nd &amp; 3rd week: 20mg Celexa &amp; 75mg effexor 4th week: 10mg Celexa &amp; 150mg Effexor 5th week: Psychiatrist appointment Now, i'm on week 3 taking 20mg Celexa &amp; 75mg Effexor and i'm starting to get very depressed",1,Psychiatrist appointment,5 effexor 2nd amp 3rd week 20mg celexa amp 75mg effexor 4th week 10mg celexa amp 150mg effexor 5th week psychiatrist appointment now im on week 3 taking 20mg celexa amp 75mg effexor and im starting to get very depressed,psychiatrist appointment
276,"I'm 5'8"" and weigh 105 pounds but I want to get to 100",1,"5'8"" and weigh 105 pounds but I want to get to 100",im 58 and weigh 105 pounds but i want to get to 100,58 and weigh 105 pounds but i want to get to 100
287,"About 3 years ago my dad got sick with cancer and went through all the treatments, radiation, surgeries, chemotherapy and eventually when all else failed, immunotherapy",1,dad got sick with cancer and went through all the treatments,about 3 years ago my dad got sick with cancer and went through all the treatments radiation surgeries chemotherapy and eventually when all else failed immunotherapy,dad got sick with cancer and went through all the treatments
291,"What's the use in getting me out of this depression and anxiety and possibly being able to get myself another girlfriend if I'm not even going to be able to perform properly anyway? Or even enjoy it? This might be a deal breaker for me so I was wondering if anybody has had any positive experiences with this? Did it pass over time or go back to normal as soon as you quit the drug? Thanks TLDR: Scared of the sexual side effects of Celexa, any positive experiences to ease my worry?",1,Scared of the sexual side effects of Celexa,whats the use in getting me out of this depression and anxiety and possibly being able to get myself another girlfriend if im not even going to be able to perform properly anyway or even enjoy it this might be a deal breaker for me so i was wondering if anybody has had any positive experiences with this did it pass over time or go back to normal as soon as you quit the drug thanks tldr scared of the sexual side effects of celexa any positive experiences to ease my worry,scared of the sexual side effects of celexa
294,"I also haven't slept much yet, I can't sleep cause I keep hearing things which is driving me crazy",1,can't sleep cause I keep hearing things which is driving me crazy,i also havent slept much yet i cant sleep cause i keep hearing things which is driving me crazy,cant sleep cause i keep hearing things which is driving me crazy
301,"The tumour has reduced massively in size, and the parts they were really concerned with appear to be gone",1,tumour has reduced massively in size,the tumour has reduced massively in size and the parts they were really concerned with appear to be gone,tumour has reduced massively in size
304,"Any experiences? I am lost and finally succumbed to going to my doctor and he appointed me these meds, I have just started taking them",1,finally succumbed to going to my doctor and he appointed me these meds,any experiences i am lost and finally succumbed to going to my doctor and he appointed me these meds i have just started taking them,finally succumbed to going to my doctor and he appointed me these meds
306,"I've had a history, not going into it, but I used to have psychotic depression at 21, with a very above average drinking habit",1,"have psychotic depression at 21, with a very above average drinking habit",ive had a history not going into it but i used to have psychotic depression at 21 with a very above average drinking habit,have psychotic depression at 21 with a very above average drinking habit
317,"On the bad days, I get a sort of ""heavy"" feeling in my limbs",1,"get a sort of ""heavy"" feeling in my limbs",on the bad days i get a sort of heavy feeling in my limbs,get a sort of heavy feeling in my limbs
366,Since so much people have overdosed on this subreddit I‚Äö√Ñ√¥m curious,1,overdosed,since so much people have overdosed on this subreddit i‚äö√ñ√¥m curious,overdosed
401,"When I first set it, I frequently became nauseous and dizzy thinking about my impending mortality, but as I get closer and closer to the day, the less worried and more ready I feel",1,nauseous and dizzy,when i first set it i frequently became nauseous and dizzy thinking about my impending mortality but as i get closer and closer to the day the less worried and more ready i feel,nauseous and dizzy
411,"I have difficulty making plans due to a mild obsessive compulsive disorder, and just finding time",1,difficulty making plans due to a mild obsessive compulsive disorder,i have difficulty making plans due to a mild obsessive compulsive disorder and just finding time,difficulty making plans due to a mild obsessive compulsive disorder
434,I've suffered from pneumonia multiple times in the past and had to be placed on oxygen,1,suffered from pneumonia multiple times,ive suffered from pneumonia multiple times in the past and had to be placed on oxygen,suffered from pneumonia multiple times
441,"My moods were under control when I was on lithium and zoloft, but the zoloft (50 mg, so not much) absolutely ZAPPED my sex drive",1,"lithium, zoloft",my moods were under control when i was on lithium and zoloft but the zoloft 50 mg so not much absolutely zapped my sex drive,lithium zoloft
446,I use drugs to cope,1,use drugs to cope,i use drugs to cope,use drugs to cope
464,"Heck, I've been putting off this post for months now and I stopped halfway my stream of conciousness because there are far more serious problems to discuss about here than some indecision, burn-out and post-breakup trauma",1,burn-out and post-breakup trauma,heck ive been putting off this post for months now and i stopped halfway my stream of conciousness because there are far more serious problems to discuss about here than some indecision burnout and postbreakup trauma,burnout and postbreakup trauma
513,"When my brothers saw that they just tried to help me, and I told them too to fuck off and went outside to punch the wall until my hands started to bleed",1,punch the wall until my hands started to bleed,when my brothers saw that they just tried to help me and i told them too to fuck off and went outside to punch the wall until my hands started to bleed,punch the wall until my hands started to bleed
516,"Yes I know I'm stupid, yes i know im slow, yes i know im weak and yes I know this amuses you but can you just please move on",1,"yes i know im slow, yes i know im weak and yes I know this amuses you",yes i know im stupid yes i know im slow yes i know im weak and yes i know this amuses you but can you just please move on,yes i know im slow yes i know im weak and yes i know this amuses you
517,I have newly joined the paralyzed party from a car accident and it‚Äö√Ñ√¥s hard to cope,1,ave newly joined the paralyzed party from a car accident,i have newly joined the paralyzed party from a car accident and it‚äö√ñ√¥s hard to cope,ave newly joined the paralyzed party from a car accident
528,"I almost ended up in the psych ward, kinda voluntarily because they asked me if i want to stay or go home and i said to go home but i kinda regret that now, idk why tbh",1,psych ward,i almost ended up in the psych ward kinda voluntarily because they asked me if i want to stay or go home and i said to go home but i kinda regret that now idk why tbh,psych ward
602,"I could struggle until my limbs bleed, and I still wouldn‚Äö√Ñ√¥t be able to reach it",1,struggle until my limbs bleed,i could struggle until my limbs bleed and i still wouldn‚äö√ñ√¥t be able to reach it,struggle until my limbs bleed
641,"Your gut microbiome and brain chemistry and diet are intricately related, and the modern diet of toaster waffles, fried chicken, and bread/cake may be a major cause of many health issues",1,gut microbiome and brain chemistry and diet are intricately related,your gut microbiome and brain chemistry and diet are intricately related and the modern diet of toaster waffles fried chicken and breadcake may be a major cause of many health issues,gut microbiome and brain chemistry and diet are intricately related
654,I sleep 12 hours a night but I also dream very vividly,1,sleep 12 hours a nigh,i sleep 12 hours a night but i also dream very vividly,sleep 12 hours a nigh
709,I'm sitting on the dark shaking,1,sitting on the dark,im sitting on the dark shaking,sitting on the dark
720,I feel like it's okay to hurt myself,1,it's okay to hurt myself,i feel like its okay to hurt myself,its okay to hurt myself
750,The voices start yelling ugly words at me digging at my festering wrists,1,The voices start yelling ugly words at me digging at my festering wrist,the voices start yelling ugly words at me digging at my festering wrists,the voices start yelling ugly words at me digging at my festering wrist
776,"Regardless of the verdict, I will have made my disgusting and horrible actions known to the public so history cannot repeat itself, and little girls will be safe from the predator who stole so much from me",1,predator who stole so much from me,regardless of the verdict i will have made my disgusting and horrible actions known to the public so history cannot repeat itself and little girls will be safe from the predator who stole so much from me,predator who stole so much from me
789,What I can't get passed is being useless and having no skill whatsoever,2,can't get passed is being useless and having no skill,what i cant get passed is being useless and having no skill whatsoever,cant get passed is being useless and having no skill
805,"Not many years later, they have jobs, girlfriends, confidence, their own homes, and even traveling",2,"they have jobs, their own homes, girlfriends",not many years later they have jobs girlfriends confidence their own homes and even traveling,they have jobs their own homes girlfriends
809,"Essentially, I can't accomplish anything unless it pertains to a greater purpose than simply enjoyment, or if I have made myself accountable to someone else, and even then I have trouble finishing tasks",2,trouble finishing tasks,essentially i cant accomplish anything unless it pertains to a greater purpose than simply enjoyment or if i have made myself accountable to someone else and even then i have trouble finishing tasks,trouble finishing tasks
811,"The fall semester was one of the worst experiences of my life, and I barely passed my four classes",2,"fall semester was one of the worst experiences of my life, barely passed",the fall semester was one of the worst experiences of my life and i barely passed my four classes,fall semester was one of the worst experiences of my life barely passed
830,My dream is to be a professional singer or actor,2,dream is to be a professional singer,my dream is to be a professional singer or actor,dream is to be a professional singer
831,"Yet, long before that (Perhaps for the past 2 or 3 years), I've been really declining, just barely passing my classes and even failing calculus twice",2,"just barely passing my classes, failing calculus twice",yet long before that perhaps for the past 2 or 3 years ive been really declining just barely passing my classes and even failing calculus twice,just barely passing my classes failing calculus twice
833,I‚Äö√Ñ√¥m 22 now and I‚Äö√Ñ√¥ve been kicked out of two universities,2,kicked out of two universities,i‚äö√ñ√¥m 22 now and i‚äö√ñ√¥ve been kicked out of two universities,kicked out of two universities
846,I‚Äö√Ñ√¥m a 3rd (final) year law student in the middle of tons of essays due in 10 days and it‚Äö√Ñ√¥s making me unbearably sad and lonely,2,3rd (final) year law student in the middle of tons of essays due,i‚äö√ñ√¥m a 3rd final year law student in the middle of tons of essays due in 10 days and it‚äö√ñ√¥s making me unbearably sad and lonely,3rd final year law student in the middle of tons of essays due
860,We are not going to have rent and our roomates are going to kick us out,2,not going to have rent,we are not going to have rent and our roomates are going to kick us out,not going to have rent
887,"The bosses are total unprofessional cunts, they are uncouth and rude, they yell at everyone",2,unprofessional,the bosses are total unprofessional cunts they are uncouth and rude they yell at everyone,unprofessional
894,"My boss is very hands off, so no one knew how behind I had gotten, what a mess I‚Äö√Ñ√¥d made of my work",2,boss is very hands off,my boss is very hands off so no one knew how behind i had gotten what a mess i‚äö√ñ√¥d made of my work,boss is very hands off
907,"They were very kind and understanding, but still said I need to either resign or they will have to start the termination process",2,"start the termination process, resign",they were very kind and understanding but still said i need to either resign or they will have to start the termination process,start the termination process resign
910,"I‚Äö√Ñ√¥ve been working on my 3rd year uni law essays every day for over a month, sitting at the same desk reading the same words writing the same thing on the same screen",2,"3rd year uni law, work",i‚äö√ñ√¥ve been working on my 3rd year uni law essays every day for over a month sitting at the same desk reading the same words writing the same thing on the same screen,3rd year uni law work
919,When I take the phone I mess up the order probably 50% of the time,2,mess up the order,when i take the phone i mess up the order probably 50 of the time,mess up the order
930,"When I was a kid I loved to write little short stories and draw random stuff, wherever my mind was inspired to go",2,loved to write,when i was a kid i loved to write little short stories and draw random stuff wherever my mind was inspired to go,loved to write
934,"I study character technical direction at an art school, and my portfolio is not where it needs to be for job opportunities",2,"study character technical direction at an art school, portfolio is not where it needs to be for job opportunities",i study character technical direction at an art school and my portfolio is not where it needs to be for job opportunities,study character technical direction at an art school portfolio is not where it needs to be for job opportunities
935,Feel like I‚Äö√Ñ√¥m under an immense amount of pressure lately and have a hard time finding my way out/seeing an end to it,2,"immense amount of pressure, hard time finding my way out",feel like i‚äö√ñ√¥m under an immense amount of pressure lately and have a hard time finding my way outseeing an end to it,immense amount of pressure hard time finding my way out
952,"I can say i'm blessed, I'm 20 with no bills, free college tuition until i'm 25, and a full time 5 x 8 full benefit job",2,"no bills, free college tuition until i'm 25",i can say im blessed im 20 with no bills free college tuition until im 25 and a full time 5 x 8 full benefit job,no bills free college tuition until im 25
958,"Reporting in front of the class is always a nightmare, I always get very nervous and always forget the things i'm supposed to say",2,"Reporting in front of the class is always a nightmare, always get very nervous and always forget the things i'm supposed to say",reporting in front of the class is always a nightmare i always get very nervous and always forget the things im supposed to say,reporting in front of the class is always a nightmare always get very nervous and always forget the things im supposed to say
969,I watch a lot of my peers who cheated their way through grad school get jobs and a decent salary,2,"get jobs, a decent salary",i watch a lot of my peers who cheated their way through grad school get jobs and a decent salary,get jobs a decent salary
970,"I'm supposed to study for a French test, but I can't concentrate for shit",2,supposed to study for a French test,im supposed to study for a french test but i cant concentrate for shit,supposed to study for a french test
996,Does anyone have advice for finding and sticking to hobbies,2,finding and sticking to hobbies,does anyone have advice for finding and sticking to hobbies,finding and sticking to hobbies
1001,"However, as I entered my mid-20s and entered a serious relationship, I felt competing priorities and wanted to potentially pursue career paths that had more stability and less time away for things like touring",2,"wanted to potentially pursue career paths, serious relationship",however as i entered my mid20s and entered a serious relationship i felt competing priorities and wanted to potentially pursue career paths that had more stability and less time away for things like touring,wanted to potentially pursue career paths serious relationship
1041,"Where I could be me and enjoy my usual stuff like music and anime, where I don't have to perform to get a decent salary, where I can just live",2,don't have to perform to get a decent salary,where i could be me and enjoy my usual stuff like music and anime where i dont have to perform to get a decent salary where i can just live,dont have to perform to get a decent salary
1063,"Do I go back to school and try to get an actually useful degree in STEM, even though I fucking failed calculus twice the first time around? Do I pursue teaching at the high school level? Do I consider trade school? The military? I don't fucking know anymore",2,"get an actually useful degree in STEM, even though I fucking failed calculus twice the first time around",do i go back to school and try to get an actually useful degree in stem even though i fucking failed calculus twice the first time around do i pursue teaching at the high school level do i consider trade school the military i dont fucking know anymore,get an actually useful degree in stem even though i fucking failed calculus twice the first time around
1073,"I'm having burnouts right now trying to catch up with deadlines, practical stuffs and I can't do my own study sessions and on top of that I just found out that my aunt is dying (she's in stage 4 pancreatic cancer) and the doctors told us that they can't do anything anymore",2,"catch up with deadlines, practical stuffs, study sessions",im having burnouts right now trying to catch up with deadlines practical stuffs and i cant do my own study sessions and on top of that i just found out that my aunt is dying shes in stage 4 pancreatic cancer and the doctors told us that they cant do anything anymore,catch up with deadlines practical stuffs study sessions
1076,"Fucking getting straight As for twelve years, spending your time working your ass off to exhaustion doing volunteering , dragging your body to SAT practice everyday for 9 hours a day, the fucking perfect essay and for what? I dont care anymore I‚Äö√Ñ√¥ve spent my entire life trying to be perfect which caused my depression in first place and where did it get me? I don‚Äö√Ñ√¥t care anymore, I‚Äö√Ñ√¥m not going to try anymore the only thing I wanna do is overdose and die alone in my room",2,SAT practice,fucking getting straight as for twelve years spending your time working your ass off to exhaustion doing volunteering dragging your body to sat practice everyday for 9 hours a day the fucking perfect essay and for what i dont care anymore i‚äö√ñ√¥ve spent my entire life trying to be perfect which caused my depression in first place and where did it get me i don‚äö√ñ√¥t care anymore i‚äö√ñ√¥m not going to try anymore the only thing i wanna do is overdose and die alone in my room,sat practice
1098,And the conversation turned into me wasting my potential (all in love),2,wasting my potential,and the conversation turned into me wasting my potential all in love,wasting my potential
1136,Was going to graduate soon but haven't been able to keep up w/ school since Jan,2,graduate soon,was going to graduate soon but havent been able to keep up w school since jan,graduate soon
1167,"I got the call that im going back to work starting Saturday, but whats the use? Unemployment didnt pay enough to make rent and bills, social assistance wont help me BECAUSE im recieving Unemployment, and i was given the ""you have 14 days to pay your rent or i start the eviction process"" notice from the landlord",2,"Unemployment didnt pay enough to make rent and bills, notice from the landlord",i got the call that im going back to work starting saturday but whats the use unemployment didnt pay enough to make rent and bills social assistance wont help me because im recieving unemployment and i was given the you have 14 days to pay your rent or i start the eviction process notice from the landlord,unemployment didnt pay enough to make rent and bills notice from the landlord
1178,I need to do good so I can go to a good university after I graduate from this shitty community college and after studying my ass off I thought I actually did well on my midterms but I just barely scraped by,2,graduate from this shitty community college,i need to do good so i can go to a good university after i graduate from this shitty community college and after studying my ass off i thought i actually did well on my midterms but i just barely scraped by,graduate from this shitty community college
1200,"First of all, I hated both schools generally",2,hated both schools,first of all i hated both schools generally,hated both schools
1207,"I'd like to look into them, but I have multiple learning disabilities and mental illnesses over here",2,have multiple learning disabilities,id like to look into them but i have multiple learning disabilities and mental illnesses over here,have multiple learning disabilities
1209,"I‚Äö√Ñ√¥ve been pressured to take a 2nd job in October because they hated how I don‚Äö√Ñ√¥t get 40-60 hours a week at least; they don‚Äö√Ñ√¥t want me going to therapy unless it‚Äö√Ñ√¥s immediately after a work day so my therapy doesn‚Äö√Ñ√¥t conflict with their ‚Äö√Ñ√∫valuable time‚Äö√Ñ√π, and I get praised for doing things their way but scolded for doing things my way",2,"been pressured to take a 2nd job in October, get praised for doing things their way but scolded for doing things my way",i‚äö√ñ√¥ve been pressured to take a 2nd job in october because they hated how i don‚äö√ñ√¥t get 4060 hours a week at least they don‚äö√ñ√¥t want me going to therapy unless it‚äö√ñ√¥s immediately after a work day so my therapy doesn‚äö√ñ√¥t conflict with their ‚äö√ñ√∫valuable time‚äö√ñ√π and i get praised for doing things their way but scolded for doing things my way,been pressured to take a 2nd job in october get praised for doing things their way but scolded for doing things my way
1216,i have a metric fuckton of homework to catch up on that i really have no motivation to do,2,homework to catch,i have a metric fuckton of homework to catch up on that i really have no motivation to do,homework to catch
1217,all of the adult figures i have that once believed in me (all at school [teachers] due to how unstable my parents are) are genuinely disappointed with me,2,teachers,all of the adult figures i have that once believed in me all at school teachers due to how unstable my parents are are genuinely disappointed with me,teachers
1221,When I found out I was devastated and wanted to switch schools for next year also,2,switch schools,when i found out i was devastated and wanted to switch schools for next year also,switch schools
1238,I find that I never really trust my own opinion I'm always seeking validation from others,2,"trust my own opinion, seeking validation",i find that i never really trust my own opinion im always seeking validation from others,trust my own opinion seeking validation
1247,"I get envious of my peers in college who are successes, envious of Youtubers with thousands of subscribers sharing their experiences traveling the world, and their awesome hobbies, etc",2,"envious of my peers in college who are successes, envious of Youtubers with thousands of subscribers, sharing their experiences traveling the world, and their awesome hobbies",i get envious of my peers in college who are successes envious of youtubers with thousands of subscribers sharing their experiences traveling the world and their awesome hobbies etc,envious of my peers in college who are successes envious of youtubers with thousands of subscribers sharing their experiences traveling the world and their awesome hobbies
1248,I'm at work right now and my co workers are having fun and laughing and i can't even find the will power to join in,2,at work right now and my co workers are having fun,im at work right now and my co workers are having fun and laughing and i cant even find the will power to join in,at work right now and my co workers are having fun
1253,"So I'm starting to come up with coping hobbies, and I wanted to record myself talking about my depression but I feel like if I do it out loud that people in my room will think i'm a pussy",2,starting to come up with coping hobbies,so im starting to come up with coping hobbies and i wanted to record myself talking about my depression but i feel like if i do it out loud that people in my room will think im a pussy,starting to come up with coping hobbies
1258,"My depression started around 3 years ago during my sophomore year in high school, and I‚Äö√Ñ√¥ve tried to suppress it as much as possible, but unfortunately it still plagues me in small instances while being in my second semester of college",2,"sophomore year in high school, but unfortunately it still plagues me in small instances while being in my second semester of college",my depression started around 3 years ago during my sophomore year in high school and i‚äö√ñ√¥ve tried to suppress it as much as possible but unfortunately it still plagues me in small instances while being in my second semester of college,sophomore year in high school but unfortunately it still plagues me in small instances while being in my second semester of college
1259,It took me a long time to realize that I spoke all my thoughts trying to get the inability to have a conversation out of my system,2,inability to have a conversation out of my system,it took me a long time to realize that i spoke all my thoughts trying to get the inability to have a conversation out of my system,inability to have a conversation out of my system
1289,"All we do is go to school, learn and work till we die",2,"go to school, learn and work till we die",all we do is go to school learn and work till we die,go to school learn and work till we die
1290,I think my music is my escape from all of this bullshit in life,2,music is my escape,i think my music is my escape from all of this bullshit in life,music is my escape
1362,"Nothing is interesting, nothing brings any pleasure or joy",2,nothing brings any pleasure or joy,nothing is interesting nothing brings any pleasure or joy,nothing brings any pleasure or joy
1369,What am I supposed to tell them? That I‚Äö√Ñ√¥m so upset that it feels impossible to prioritize even the most important tasks,2,feels impossible to prioritize even the most important task,what am i supposed to tell them that i‚äö√ñ√¥m so upset that it feels impossible to prioritize even the most important tasks,feels impossible to prioritize even the most important task
1372,"I was sexually abused as a child, there I said it",2,sexually abused as a child,i was sexually abused as a child there i said it,sexually abused as a child
1414,"Now that college is done, I regret it and my wasted youth",3,wasted youth,now that college is done i regret it and my wasted youth,wasted youth
1463,He told me that he lost someone important to him and he's been feeling emotionless since,3,lost someone important,he told me that he lost someone important to him and hes been feeling emotionless since,lost someone important
1482,My SO has been pulling away from me and left me all alone last night because she didn't want to sit home with me and had already made plans with someone without me and didn't even mention anything until she was leaving,3,pulling away,my so has been pulling away from me and left me all alone last night because she didnt want to sit home with me and had already made plans with someone without me and didnt even mention anything until she was leaving,pulling away
1560,I've been seeking happiness in someone and it just seems like she is getting colder and colder,3,she is getting colder and colder,ive been seeking happiness in someone and it just seems like she is getting colder and colder,she is getting colder and colder
1579,"I just couldn't stop myself from checking it all the time, from looking at my ex and his new girlfriend's profile pics",3,looking at my ex and his new girlfriend's profile pics,i just couldnt stop myself from checking it all the time from looking at my ex and his new girlfriends profile pics,looking at my ex and his new girlfriends profile pics
1586,"can figure out what i may have done to trigger it, but 5 of my closest friends from high school have stopped responding to my calls or texts",3,5 of my closest friends from high school have stopped responding to my calls or texts,can figure out what i may have done to trigger it but 5 of my closest friends from high school have stopped responding to my calls or texts,5 of my closest friends from high school have stopped responding to my calls or texts
1588,I'm just falling deeper and deeper into a hole and this is the only thing I can think of to do at this point,3,just falling deeper and deeper into a hole,im just falling deeper and deeper into a hole and this is the only thing i can think of to do at this point,just falling deeper and deeper into a hole
1734,I couldn't go to a fast food restaurant without her screaming over the phone telling me I'm out with a friend or I'm cheating,3,cheating,i couldnt go to a fast food restaurant without her screaming over the phone telling me im out with a friend or im cheating,cheating
1747,"Besides that, I asked if she liked me back and she responded with, ""Yeah, but as a friend"" She said she didnt want to friend zone be but she has her eyes on someone else *She's pansexual and she likes another girl* Im so sad",3,"but as a friend, friend zone",besides that i asked if she liked me back and she responded with yeah but as a friend she said she didnt want to friend zone be but she has her eyes on someone else shes pansexual and she likes another girl im so sad,but as a friend friend zone
1748,"Thats all, just wanting to express myself to some reddit strangers beacause I am fed up with my fucked up relations with everybody around me",3,fucked up relations,thats all just wanting to express myself to some reddit strangers beacause i am fed up with my fucked up relations with everybody around me,fucked up relations
1808,"My boyfriend was always there for me even though, at the time, my anxiety wad mainly caused by him (emotionally)",3,mainly caused by him,my boyfriend was always there for me even though at the time my anxiety wad mainly caused by him emotionally,mainly caused by him
1858,My fianc‚àö¬© cheated on me and then broke up with me,3,My fianc‚àö¬© cheated on me and then broke up with me,my fianc‚àö¬© cheated on me and then broke up with me,my fianc‚àö¬© cheated on me and then broke up with me
1873,There's really no chance of my romantic situation ever changing though,3,no chance of my romantic situation ever changing though,theres really no chance of my romantic situation ever changing though,no chance of my romantic situation ever changing though
1884,"So today in particular was a very bad day, I found out that my sister's husband beated my other sister who has been suffering from severe depression and he kept on calling her degrading terms (slut, bitch ) while my other sister is watching through the car, he also broke her phone, there were some 2 pieces of shit watching that didn't do anything, he also broke her expensive phone with all the data, I'm very angry and I think I might commit a murder I can't restrain myself",3,sister's husband beated my other sister who has been suffering from severe depression and he kept on calling her degrading terms (slut,so today in particular was a very bad day i found out that my sisters husband beated my other sister who has been suffering from severe depression and he kept on calling her degrading terms slut bitch while my other sister is watching through the car he also broke her phone there were some 2 pieces of shit watching that didnt do anything he also broke her expensive phone with all the data im very angry and i think i might commit a murder i cant restrain myself,sisters husband beated my other sister who has been suffering from severe depression and he kept on calling her degrading terms slut
1894,"she's not hateful or part of the problem or anything like that, she's just an unhelpful no-impact",3,she's just an unhelpful no-impact,shes not hateful or part of the problem or anything like that shes just an unhelpful noimpact,shes just an unhelpful noimpact
1921,My boyfriend dumped me yesterday and I was very depressed and down so I asked my ex's friend if he wanted to hang out and talk,3,boyfriend dumped me yesterday,my boyfriend dumped me yesterday and i was very depressed and down so i asked my exs friend if he wanted to hang out and talk,boyfriend dumped me yesterday
1949,I moved back in with my parents and have had no energy or motivation to move forward with my life,3,oved back in with my parents,i moved back in with my parents and have had no energy or motivation to move forward with my life,oved back in with my parents
1950,"Does anyone else find that they‚Äö√Ñ√¥re suicidal only when they‚Äö√Ñ√¥re alone? I am entirely dependent on others (mainly my fianc‚àö¬©), in the sense that I can‚Äö√Ñ√¥t be alone",3,"entirely dependent on others, mainly my fianc‚àö¬©",does anyone else find that they‚äö√ñ√¥re suicidal only when they‚äö√ñ√¥re alone i am entirely dependent on others mainly my fianc‚àö¬© in the sense that i can‚äö√ñ√¥t be alone,entirely dependent on others mainly my fianc‚àö¬©
1955,"I need a sense of community, but I have trouble connecting to people out of personal shame",3,"need a sense of community, but I have trouble connecting to people",i need a sense of community but i have trouble connecting to people out of personal shame,need a sense of community but i have trouble connecting to people
1962,"The distance between myself and the people I know keeps growing, and it's all my fault",3,distance between myself and the people I know keeps growing,the distance between myself and the people i know keeps growing and its all my fault,distance between myself and the people i know keeps growing
1982,He fought for custody for his 3 kids and son,3,fought for custody for his 3 kids and son,he fought for custody for his 3 kids and son,fought for custody for his 3 kids and son
2002,I‚Äö√Ñ√¥ve been depressed for quite a while now and I just got dumped 10 minutes ago,3,just got dumped 10 minutes ago,i‚äö√ñ√¥ve been depressed for quite a while now and i just got dumped 10 minutes ago,just got dumped 10 minutes ago
2040,im trapped in a house with a narcissistic asshole grandma and a grandpa who just sits there and takes it,3,narcissistic asshole grandma and a grandpa,im trapped in a house with a narcissistic asshole grandma and a grandpa who just sits there and takes it,narcissistic asshole grandma and a grandpa
2050,That said my depression stems from an early age abandoment issue ( i was 4 months old when left at an orphanage),3,early age abandoment,that said my depression stems from an early age abandoment issue i was 4 months old when left at an orphanage,early age abandoment
2054,And now I‚Äö√Ñ√¥m the one begging for sympathy,3,begging for sympathy,and now i‚äö√ñ√¥m the one begging for sympathy,begging for sympathy
2098,Is it possible to be overbearing to someone who might be depressed and push them away? Would sharing make him lose trust in me?,3,overbearing to someone,is it possible to be overbearing to someone who might be depressed and push them away would sharing make him lose trust in me,overbearing to someone
2125,Right now I still hear his voice and sense his presence even though I know he‚Äö√Ñ√¥s not here,3,"still hear his voice, sense his presence",right now i still hear his voice and sense his presence even though i know he‚äö√ñ√¥s not here,still hear his voice sense his presence
2132,I was born in a urban family and have got a lot of traumas and hatreds duo to unfortunate childhood but I was strived to have a decent education and have tough myself a lot about psychology,3,"got a lot of traumas and hatred, unfortunate childhood",i was born in a urban family and have got a lot of traumas and hatreds duo to unfortunate childhood but i was strived to have a decent education and have tough myself a lot about psychology,got a lot of traumas and hatred unfortunate childhood
2153,Just wondering if we could maybe find comfort in each other,3,if we could maybe find comfort in each other,just wondering if we could maybe find comfort in each other,if we could maybe find comfort in each other
2163,"However, knowing that whatever feelings I felt of love were unrequited, just makes me wish I wasn't alive to see it",3,feelings I felt of love were unrequited,however knowing that whatever feelings i felt of love were unrequited just makes me wish i wasnt alive to see it,feelings i felt of love were unrequited
2169,I was literally driving my girlfriend to this store and traffic was so insane,3,literally driving my girlfriend to this store and traffic was so insane,i was literally driving my girlfriend to this store and traffic was so insane,literally driving my girlfriend to this store and traffic was so insane
2172,"It hurts so much and the things she said about me how amazing i am and how bad she wants me to stay there, but i just cant im falling into depression again",3,she wants me to stay there,it hurts so much and the things she said about me how amazing i am and how bad she wants me to stay there but i just cant im falling into depression again,she wants me to stay there
2235,"I want to socialize and build relationships to strengthen my life's meaning, but this is really, REALLY fucking hard",3,want to socialize and build relations,i want to socialize and build relationships to strengthen my lifes meaning but this is really really fucking hard,want to socialize and build relations
2352,"I hate that Ive never been truly understood, and i hate that I'll never be understood",3,never been truly understood,i hate that ive never been truly understood and i hate that ill never be understood,never been truly understood
2494,"I struggle to make real connections with people, I am so emotionally unavailable and have hurt so many people leading them on and being unable to commit to them",3,"hurt so many people, emotionally unavailable",i struggle to make real connections with people i am so emotionally unavailable and have hurt so many people leading them on and being unable to commit to them,hurt so many people emotionally unavailable
2509,"I rarely answer texts and if i'm invited to go out, i either don't respond or make up an excuse",3,rarely answer texts,i rarely answer texts and if im invited to go out i either dont respond or make up an excuse,rarely answer texts
2515,I can't even talk to anyone anymore because everyone walks around with those goddamn airpods and it makes everyone so unapproachable,3,makes everyone so unapproachable,i cant even talk to anyone anymore because everyone walks around with those goddamn airpods and it makes everyone so unapproachable,makes everyone so unapproachable
2517,For some reason my insecurities have been super intense lately as I lay here these words keep repeating,4,my insecurities have been super intense lately,for some reason my insecurities have been super intense lately as i lay here these words keep repeating,my insecurities have been super intense lately
2531,"This year has been the same as far as I can remember, feeling sad, angry, sick, but overall, tired",4,"sad, angry, sick, but overall, tired",this year has been the same as far as i can remember feeling sad angry sick but overall tired,sad angry sick but overall tired
2586,"I was psychologically abused quite severely by my parent when growing up since I was born, and it has taken such a toll on me mentally, that I'm basically just an anxious, miserable wreck",4,psychologically abused,i was psychologically abused quite severely by my parent when growing up since i was born and it has taken such a toll on me mentally that im basically just an anxious miserable wreck,psychologically abused
2589,"Thoughts of suicide and all of my past failures and embarrassing moments no matter how small, are all huge and I feel as if everyone Either hates me, takes advantage of me for what little intelligence is left, or is just friends with me out of pity or to bully me and belittle me",4,"to bully, belittle me",thoughts of suicide and all of my past failures and embarrassing moments no matter how small are all huge and i feel as if everyone either hates me takes advantage of me for what little intelligence is left or is just friends with me out of pity or to bully me and belittle me,to bully belittle me
2656,I woke up early this morning in order to do research and perform a workout but ended up breaking down and crying instead,4,breaking down,i woke up early this morning in order to do research and perform a workout but ended up breaking down and crying instead,breaking down
2668,"All the emotions i can feel are profound sadness, anger, or complete apathy",4,"the emotions i can feel are profound sadness, anger, or complete apathy",all the emotions i can feel are profound sadness anger or complete apathy,the emotions i can feel are profound sadness anger or complete apathy
2671,I deleted all social media from my phone but I always catch myself trying to check my instagram etc I know this doesnt make me happy cause i never see messages I literally have set dates when i can check back into the accounts what are some tips? This is prob a weird question but yea,4,now this doesnt make me happy cause i never see messages,i deleted all social media from my phone but i always catch myself trying to check my instagram etc i know this doesnt make me happy cause i never see messages i literally have set dates when i can check back into the accounts what are some tips this is prob a weird question but yea,now this doesnt make me happy cause i never see messages
2736,I have an intense hatred towards women but I like a very small number of them,4,intense hatred towards women,i have an intense hatred towards women but i like a very small number of them,intense hatred towards women
2747,"How do you treat someone so badly and yet maintain such a great image of yourself? How do you live with it? Especially if you're hurtful to a person, but then later act as if nothing happened?",4,hurtful to,how do you treat someone so badly and yet maintain such a great image of yourself how do you live with it especially if youre hurtful to a person but then later act as if nothing happened,hurtful to
2753,Putting you out of your misery,4,misery,putting you out of your misery,misery
2760,", is therapy really best for me? would therapy be helping me become less stubborn and more open-minded? 4) for those who have gone through therapy, was it relieving to finally have the official diagnosis? 5) again, for those who have gone through/are going through therapy, what's the biggest change you've seen in yourself? it can be good or bad",4,"less stubborn, more open-minded",is therapy really best for me would therapy be helping me become less stubborn and more openminded 4 for those who have gone through therapy was it relieving to finally have the official diagnosis 5 again for those who have gone throughare going through therapy whats the biggest change youve seen in yourself it can be good or bad,less stubborn more openminded
2784,"Hi, do any of you have practical advice and methods on how to overcome fear? There are some things I have to do which, when I try to start them, cause me to have this intense freezing fear",4,overcome fear,hi do any of you have practical advice and methods on how to overcome fear there are some things i have to do which when i try to start them cause me to have this intense freezing fear,overcome fear
2809,"But, I am not at peace, for if I were, I wouldn't have such feelings of my own insecurities and self loathing",4,"insecurities, self loathing",but i am not at peace for if i were i wouldnt have such feelings of my own insecurities and self loathing,insecurities self loathing
2821,I bully people because of my own insecurities,4,bully people because of my own insecurities,i bully people because of my own insecurities,bully people because of my own insecurities
2861,Last time I was nowhere near as depressed as I am now or maybe I was and just didn‚Äö√Ñ√¥t realise but I lost tonnes of my hair just before starting college and it destroyed my confidence and self esteem,4,lost tonnes of my hair just before starting college and it destroyed my confidence and self esteem,last time i was nowhere near as depressed as i am now or maybe i was and just didn‚äö√ñ√¥t realise but i lost tonnes of my hair just before starting college and it destroyed my confidence and self esteem,lost tonnes of my hair just before starting college and it destroyed my confidence and self esteem
2902,It's been so long now that I've felt like an entirely useless waste of space,4,"useless, waste of space",its been so long now that ive felt like an entirely useless waste of space,useless waste of space
2916,"Sometimes the self blame and guilt get so immense and overwhelming and I want to go, too",4,self blame and guilt get so immense and overwhelming,sometimes the self blame and guilt get so immense and overwhelming and i want to go too,self blame and guilt get so immense and overwhelming
3011,When daydreaming my mind brings up negative memories,4,daydreaming my mind brings up negative memories,when daydreaming my mind brings up negative memories,daydreaming my mind brings up negative memories
3033,"No pain, no thought just endless peace",4,endless peace,no pain no thought just endless peace,endless peace
3067,Why is it so hard? Why is it so painful? Why won't the voices go away? Why me? I have the perfect life,4,Why won't the voices go away,why is it so hard why is it so painful why wont the voices go away why me i have the perfect life,why wont the voices go away
