Unnamed: 0,Text,Aspect,Explanations,Cleaned_Text,Reconstruction_Error,Is_Anomaly,Cluster,Sentiment_Score,Sentiment_Category
42,"My recruiter told me it should be okay (I haven‚Äö√Ñ√¥t been officially diagnosed), but if I go on meds I won‚Äö√Ñ√¥t have a chance",1,but if I go on meds I won‚Äö√Ñ√¥t have a chance,recruiter told okay haven‚äö√ñ√¥t officially diagnosed go med won‚äö√ñ√¥t chance,0.00099999992001992,True,0,0.4497,Positive
76,"This morning I spent about 3 hours straight crying, shaking and twitching",4,crying,morning spent 3 hour straight cry shaking twitching,0.0009999999733027428,True,1,-0.4404,Negative
82,"I'm not a homeless, heavy drug addict",1,heavy drug addict,'m homeless heavy drug addict,0.0009999998581354827,True,2,0.0,Neutral
116,"I have a medical condition that causes me to faint whenever I experience shock or stress,After much anticipation of going back of school due to loneliness,NO ONE even mentioned it,even though before the holidays I fainted in front of everyone,No one even asked me If I was ok,Not only that,NO ONE has tried to help me with my psychological problems,everyone is just repelled away from me as ""I'm an asshole"",even though no one has seen the true story of me yet,fuck you,teacher,I will heat up a razor-bladed drill bit,and shove it up your sorry ass if I could",1,medical condition,medical condition cause faint whenever experience shock stress much anticipation going back school due loneliness one even mentioned even though holiday fainted front everyone one even asked ok one tried help psychological problem everyone repelled away `` 'm asshole '' even though one seen true story yet fuck teacher heat razor-bladed drill bit shove sorry as could,0.000999999848436531,True,2,-0.0258,Neutral
124,"It's not an upset stomach, it just feels unwell, and it changes my mood because it's all I can focus on",1,feels unwell,'s upset stomach feel unwell change mood 's focus,0.0009999998951663218,True,0,0.2924,Positive
129,"Well it did, to the point where any pressure on my stomach caused me pain and I would have to just lay down until the upset stomach subsided",1,upset stomach,well point pressure stomach caused pain would lay upset stomach subsided,0.0009999998284552383,True,2,-0.7184,Negative
139,My meds are fucked I'm a month out from seeing my doctor to get them fixed I see my therapist soon but he can't prescribe shit,1,"meds are fucked, I'm a month out from seeing my doctor to get them fixed",med fucked 'm month seeing doctor get fixed see therapist soon ca n't prescribe shit,0.0009999999544848543,True,1,0.2928,Positive
151,"The only joy I get is from sex, drugs, and alcohol and only those are temporary",1,"drugs, alcohol, only joy I get is from sex",joy get sex drug alcohol temporary,0.0009999998883064233,True,0,0.5859,Positive
171,"Plus, just took a ritalin pill so I'll be fucked after the ride",1,just took a ritalin pill,plus took ritalin pill 'll fucked ride,0.0009999998159622688,True,2,-0.6872,Negative
191,Ive recently had the alpha stim bought for me by a parent,1,alpha stim bought for me by a parent,ive recently alpha stim bought parent,0.0009999999446386437,True,1,0.0,Neutral
195,"Everything was going fine until I started sweating buckets, getting an intense itch, throwing up, and falling in and out of consciousness",1,"getting an intense itch, and falling in and out of consciousness",everything going fine started sweating bucket getting intense itch throwing falling consciousness,0.0009999998593109621,True,2,0.128,Positive
196,"About a month ago, I was moderately depressed but a video triggered what I thought was euphoria in me",1,euphoria,month ago moderately depressed video triggered thought euphoria,0.000999999943912202,True,1,0.7003,Positive
202,We were all kind of drunk and my boyfriend's friend asked a friend of mine if he take a shot from her belly button and she said no,1,drunk,kind drunk boyfriend 's friend asked friend mine take shot belly button said,0.0009999998495434056,True,2,0.3626,Positive
222,"I‚Äö√Ñ√¥ve always been depressed feeling and I self harmed when I was a teenager, but it was never like this",1,self harmed,i‚äö√ñ√¥ve always depressed feeling self harmed teenager never like,0.000999999817586111,True,2,-0.6823,Negative
242,"For about a year and a half now, I've been having these really bad headaches that usually last for days",1,headaches,year half 've really bad headache usually last day,0.000999999888313681,True,0,-0.5849,Negative
277,I feel like such a fat and ugly slob and I want to cry every time I look in the mirror,1,feel like such a fat and ugly slob,feel like fat ugly slob want cry every time look mirror,0.0009999999937058495,True,1,-0.5574,Negative
310,I had been taking Lexapro for 2 years up until thanksgiving,1,been taking Lexapro for 2 years,taking lexapro 2 year thanksgiving,0.0009999999427906154,True,1,0.0,Neutral
315,antidepressants just make you numb,1,antidepressants just make you numb,antidepressant make numb,0.000999999924091326,True,0,-0.34,Negative
316,"Can anyone help? need a place to find it, prescription ran out",1,prescription ran out,anyone help need place find prescription ran,0.0009999998848762136,True,0,0.4019,Positive
318,"Sometimes my fingertips tingle, especially if I end up crying",1,"fingertips tingle, end up crying",sometimes fingertip tingle especially end cry,0.000999999970717726,True,1,-0.4767,Negative
367,I have a bad tendency to use alcohol to numb these feelings and thoughts,1,alcohol,bad tendency use alcohol numb feeling thought,0.0009999999081623063,True,0,-0.7096,Negative
384,"the disease is extremely painful and disabling every day is a battle with pain, and controlling symptoms",1,extremely painful,disease extremely painful disabling every day battle pain controlling symptom,0.0009999999006008332,True,0,-0.9092,Negative
418,Please ffs please i need some kind of drug to fix this shit,1,please i need some kind of drug,please ffs please need kind drug fix shit,0.0009999998697750776,True,2,-0.6652,Negative
444,I've also been having dreams about car crashes to the point I'm scared to drive farther than 5 minutes from my house,1,dreams about car crashes,'ve also dream car crash point 'm scared drive farther 5 minute house,0.0009999999979633074,True,1,-0.0516,Negative
469,Since I've been diagnosed with severe depression in August I tried medication and am currently in therapy,1,"diagnosed, therapy",since 've diagnosed severe depression august tried medication currently therapy,0.0009999999538240043,True,1,-0.743,Negative
471,I don't feel anything anymore and randomly break down and cry,1,randomly break down and cry,n't feel anything anymore randomly break cry,0.000999999970979009,True,1,-0.4767,Negative
483,In the last weeks my suicidal thoughts have increased by alot and anxiety and an uncomfortable feeling in my chest has increased too,1,"anxiety, feeling in my chest",last week suicidal thought increased alot anxiety uncomfortable feeling chest increased,0.0009999999906641513,True,1,-0.6249,Negative
552,"How could this person that I thought was my friend let this happen to me? Why is it that everyone was mad at me for crying about it after it happened, why did everyone tell me I was making a scene, telling me I was making it a bigger deal than it really was",1,everyone was mad at me for crying,could person thought friend let happen everyone mad cry happened everyone tell making scene telling making bigger deal really,0.0009999999353471794,True,1,-0.4767,Negative
594,all I can think of doing is cutting myself,1,cutting myself,think cutting,0.0009999999127279573,True,0,-0.128,Negative
603,"Then when others try to suggest it‚Äö√Ñ√¥s from lack of trying, well it feels like they‚Äö√Ñ√¥re rubbing salt in the cuts that the shackles have dug into my limbs",1,shackles have dug into my limbs,others try suggest it‚äö√ñ√¥s lack trying well feel like they‚äö√ñ√¥re rubbing salt cut shackle dug limb,0.0009999999757386636,True,1,0.0258,Neutral
607,"Every time I vent I feel a little better because I've gotten something off my chest, but then I feel worse the next day because I just made their day worse by talking to them about my depression",1,something off my chest,every time vent feel little better 've gotten something chest feel worse next day made day worse talking depression,0.0009999999339704272,True,1,-0.9266,Negative
